Ankuoo NEO Smart Switch,http://www.ankuoo.com/products/?sort=2,SS-22,1
Ankuoo NEO Smart Switch,http://www.ankuoo.com/products/?sort=2,SS-81,1
Ankuoo NEO Smart Switch,http://www.ankuoo.com/products/?sort=2,SS-10,1
Ankuoo NEO Smart Switch,http://www.ankuoo.com/products/?sort=2,SS-83,1
BayitHome Switch,http://www.bayithomeautomation.com/products/bayit-switch/,SS-73,1
BayitHome Switch,http://www.bayithomeautomation.com/products/bayit-switch/,SS-65,1
BayitHome Switch,http://www.bayithomeautomation.com/products/bayit-switch/,SS-7,1
BayitHome Switch,http://www.bayithomeautomation.com/products/bayit-switch/,SS-35,1
BlueSpray Irrigation,https://www.bluespray.net/,IRS-82,2
BlueSpray Irrigation,https://www.bluespray.net/,IRS-89,2
BlueSpray Irrigation,https://www.bluespray.net/,IRS-9,2
BlueSpray Irrigation,https://www.bluespray.net/,IRS-31,2
BlueSpray Irrigation,https://www.bluespray.net/,IRS-38,2
BlueSpray Irrigation,https://www.bluespray.net/,IRS-23,2
Blossom Sprinkler System,https://www.myblossom.com/,IRS-76,2
Blossom Sprinkler System,https://www.myblossom.com/,IRS-6,2
Blossom Sprinkler System,https://www.myblossom.com/,IRS-55,2
Blossom Sprinkler System,https://www.myblossom.com/,IRS-78,2
Blossom Sprinkler System,https://www.myblossom.com/,IRS-16,2
Blossom Sprinkler System,https://www.myblossom.com/,IRS-45,2
GreenIQ Smart Garden,http://greeniq.co/,IRS-57,2
GreenIQ Smart Garden,http://greeniq.co/,IRS-87,2
GreenIQ Smart Garden,http://greeniq.co/,IRS-21,2
GreenIQ Smart Garden,http://greeniq.co/,IRS-52,2
GreenIQ Smart Garden,http://greeniq.co/,IRS-0,2
GreenIQ Smart Garden,http://greeniq.co/,IRS-55,2
Neurio Energy Monitor,https://www.neur.io/,EM-89,3
Neurio Energy Monitor,https://www.neur.io/,EM-30,3
Neurio Energy Monitor,https://www.neur.io/,EM-67,3
Neurio Energy Monitor,https://www.neur.io/,EM-82,3
Eyedro Electricity Monitor,http://eyedro.com/home-electricity-monitors/,EM-91,3
Eyedro Electricity Monitor,http://eyedro.com/home-electricity-monitors/,EM-92,3
Eyedro Electricity Monitor,http://eyedro.com/home-electricity-monitors/,EM-22,3
Eyedro Electricity Monitor,http://eyedro.com/home-electricity-monitors/,EM-21,3
Eyedro Electricity Monitor,http://eyedro.com/home-electricity-monitors/,EM-10,3
Smappee Electicity Monitor,http://www.smappee.com/eu_es/monitor-de-energia/,EM-21,3
Smappee Electicity Monitor,http://www.smappee.com/eu_es/monitor-de-energia/,EM-85,3
Smappee Electicity Monitor,http://www.smappee.com/eu_es/monitor-de-energia/,EM-7,3
Smappee Electicity Monitor,http://www.smappee.com/eu_es/monitor-de-energia/,EM-54,3
Smappee Electicity Monitor,http://www.smappee.com/eu_es/monitor-de-energia/,EM-93,3
Smappee Gas&Water Monitor,http://www.smappee.com/eu_es/monitor-de-agua-y-gas/,GWM-81,4
Smappee Gas&Water Monitor,http://www.smappee.com/eu_es/monitor-de-agua-y-gas/,GWM-54,4
Smappee Gas&Water Monitor,http://www.smappee.com/eu_es/monitor-de-agua-y-gas/,GWM-36,4
Smappee Gas&Water Monitor,http://www.smappee.com/eu_es/monitor-de-agua-y-gas/,GWM-28,4
Smappee Gas&Water Monitor,http://www.smappee.com/eu_es/monitor-de-agua-y-gas/,GWM-50,4
Smappee Gas&Water Monitor,http://www.smappee.com/eu_es/monitor-de-agua-y-gas/,GWM-8,4
AcuRite Sensors,https://www.acurite.com/indoor-outdoor-thermometer-humidity-sensor-hd-display-my-acurite.html,THM-89,5
AcuRite Sensors,https://www.acurite.com/indoor-outdoor-thermometer-humidity-sensor-hd-display-my-acurite.html,THM-72,5
AcuRite Sensors,https://www.acurite.com/indoor-outdoor-thermometer-humidity-sensor-hd-display-my-acurite.html,THM-45,5
AcuRite Sensors,https://www.acurite.com/indoor-outdoor-thermometer-humidity-sensor-hd-display-my-acurite.html,THM-86,5
AcuRite Sensors,https://www.acurite.com/indoor-outdoor-thermometer-humidity-sensor-hd-display-my-acurite.html,THM-5,5
Keen Temp&Air Control,https://keenhome.io/,THM-15,5
Keen Temp&Air Control,https://keenhome.io/,THM-70,5
Keen Temp&Air Control,https://keenhome.io/,THM-10,5
Keen Temp&Air Control,https://keenhome.io/,THM-28,5
Keen Temp&Air Control,https://keenhome.io/,THM-12,5
ConnectSense Temperature Sensor,https://www.connectsense.com/wireless-temperature-sensor,THM-36,5
ConnectSense Temperature Sensor,https://www.connectsense.com/wireless-temperature-sensor,THM-92,5
ConnectSense Temperature Sensor,https://www.connectsense.com/wireless-temperature-sensor,THM-32,5
SensorPush Monitors,http://www.sensorpush.com/,THM-76,5
SensorPush Monitors,http://www.sensorpush.com/,THM-58,5
SensorPush Monitors,http://www.sensorpush.com/,THM-83,5
SensorPush Monitors,http://www.sensorpush.com/,THM-5,5
SensorPush Monitors,http://www.sensorpush.com/,THM-36,5
LIFX SmartBulbs,https://www.lifx.com/,SLB-41,6
LIFX SmartBulbs,https://www.lifx.com/,SLB-80,6
LIFX SmartBulbs,https://www.lifx.com/,SLB-17,6
Phillips Hue Bulbs,http://www2.meethue.com/en-us/productdetail/philips-hue-white-and-color-ambiance-br30-e26,SLB-63,6
Phillips Hue Bulbs,http://www2.meethue.com/en-us/productdetail/philips-hue-white-and-color-ambiance-br30-e26,SLB-62,6
Phillips Hue Bulbs,http://www2.meethue.com/en-us/productdetail/philips-hue-white-and-color-ambiance-br30-e26,SLB-18,6
Phillips Hue Bulbs,http://www2.meethue.com/en-us/productdetail/philips-hue-white-and-color-ambiance-br30-e26,SLB-70,6
Phillips Hue Bulbs,http://www2.meethue.com/en-us/productdetail/philips-hue-white-and-color-ambiance-br30-e26,SLB-25,6
Phillips Hue Bulbs,http://www2.meethue.com/en-us/productdetail/philips-hue-white-and-color-ambiance-br30-e26,SLB-61,6
FluxSmart Bulbs,https://www.fluxsmartlighting.com/products/flux-bluetooth,SLB-29,6
FluxSmart Bulbs,https://www.fluxsmartlighting.com/products/flux-bluetooth,SLB-60,6
FluxSmart Bulbs,https://www.fluxsmartlighting.com/products/flux-bluetooth,SLB-64,6
August Smart Lock,http://august.com/products/august-smart-lock/,SLK-52,7
August Smart Lock,http://august.com/products/august-smart-lock/,SLK-83,7
August Smart Lock,http://august.com/products/august-smart-lock/,SLK-62,7
August Smart Lock,http://august.com/products/august-smart-lock/,SLK-95,7
August Smart Lock,http://august.com/products/august-smart-lock/,SLK-58,7
August Smart Lock,http://august.com/products/august-smart-lock/,SLK-18,7
August Doorbell Cam,http://august.com/products/doorbell-camera/,SLK-13,7
August Doorbell Cam,http://august.com/products/doorbell-camera/,SLK-79,7
August Doorbell Cam,http://august.com/products/doorbell-camera/,SLK-68,7
August Doorbell Cam,http://august.com/products/doorbell-camera/,SLK-48,7
August Doorbell Cam,http://august.com/products/doorbell-camera/,SLK-35,7
Lockitron Bolt,https://lockitron.com/,SLK-58,7
Lockitron Bolt,https://lockitron.com/,SLK-19,7
Lockitron Bolt,https://lockitron.com/,SLK-64,7
Chipolo Tracker,https://chipolo.net/products,TKR-4,8
Chipolo Tracker,https://chipolo.net/products,TKR-46,8
Chipolo Tracker,https://chipolo.net/products,TKR-40,8
Chipolo Tracker,https://chipolo.net/products,TKR-7,8
Chipolo Tracker,https://chipolo.net/products,TKR-34,8
Lapa KeyTracker,https://findlapa.com/,TKR-34,8
Lapa KeyTracker,https://findlapa.com/,TKR-11,8
Lapa KeyTracker,https://findlapa.com/,TKR-87,8
Neposmart Outdoor Camera,https://neposmart.com/outdoor-camera/,CAM-54,9
Neposmart Outdoor Camera,https://neposmart.com/outdoor-camera/,CAM-17,9
Neposmart Outdoor Camera,https://neposmart.com/outdoor-camera/,CAM-38,9
Neposmart Outdoor Camera,https://neposmart.com/outdoor-camera/,CAM-9,9
Neposmart Outdoor Camera,https://neposmart.com/outdoor-camera/,CAM-55,9
Neposmart Outdoor Camera,https://neposmart.com/outdoor-camera/,CAM-42,9
Neposmart Indoor Camera,https://neposmart.com/indoor-camera/,CAM-59,9
Neposmart Indoor Camera,https://neposmart.com/indoor-camera/,CAM-42,9
Neposmart Indoor Camera,https://neposmart.com/indoor-camera/,CAM-80,9
