Nombre,Link,Modelo,Categoria,PrecioVenta
Ankuoo NEO Smart Switch,http://www.ankuoo.com/products/?sort=2,SS-701,1,58.95
Ankuoo NEO Smart Switch,http://www.ankuoo.com/products/?sort=2,SS-43,1,73.99
Ankuoo NEO Smart Switch,http://www.ankuoo.com/products/?sort=2,SS-154,1,82.82
Ankuoo NEO Smart Switch,http://www.ankuoo.com/products/?sort=2,SS-827,1,59.97
Ankuoo NEO Smart Switch,http://www.ankuoo.com/products/?sort=2,SS-102,1,62.76
Ankuoo NEO Smart Switch,http://www.ankuoo.com/products/?sort=2,SS-231,1,71.52
Ankuoo NEO Smart Switch,http://www.ankuoo.com/products/?sort=2,SS-230,1,68.2
BayitHome Switch,http://www.bayithomeautomation.com/products/bayit-switch/,SS-898,1,121.08
BayitHome Switch,http://www.bayithomeautomation.com/products/bayit-switch/,SS-389,1,112.42
BayitHome Switch,http://www.bayithomeautomation.com/products/bayit-switch/,SS-124,1,86.65
BayitHome Switch,http://www.bayithomeautomation.com/products/bayit-switch/,SS-651,1,99.32
BayitHome Switch,http://www.bayithomeautomation.com/products/bayit-switch/,SS-921,1,77.29
BayitHome Switch,http://www.bayithomeautomation.com/products/bayit-switch/,SS-857,1,75.02
BayitHome Switch,http://www.bayithomeautomation.com/products/bayit-switch/,SS-722,1,85.19
BlueSpray Irrigation,https://www.bluespray.net/,IRS-749,2,97.96
BlueSpray Irrigation,https://www.bluespray.net/,IRS-865,2,123.74
BlueSpray Irrigation,https://www.bluespray.net/,IRS-549,2,126.41
BlueSpray Irrigation,https://www.bluespray.net/,IRS-293,2,110.28
BlueSpray Irrigation,https://www.bluespray.net/,IRS-992,2,103.7
BlueSpray Irrigation,https://www.bluespray.net/,IRS-126,2,134.9
Blossom Sprinkler System,https://www.myblossom.com/,IRS-706,2,103.31
Blossom Sprinkler System,https://www.myblossom.com/,IRS-506,2,100.97
Blossom Sprinkler System,https://www.myblossom.com/,IRS-194,2,139.54
Blossom Sprinkler System,https://www.myblossom.com/,IRS-596,2,95.79
Blossom Sprinkler System,https://www.myblossom.com/,IRS-973,2,130.18
GreenIQ Smart Garden,http://greeniq.co/,IRS-195,2,261.73
GreenIQ Smart Garden,http://greeniq.co/,IRS-823,2,245.67
GreenIQ Smart Garden,http://greeniq.co/,IRS-595,2,173.48
GreenIQ Smart Garden,http://greeniq.co/,IRS-429,2,243.04
GreenIQ Smart Garden,http://greeniq.co/,IRS-226,2,169.95
GreenIQ Smart Garden,http://greeniq.co/,IRS-893,2,216.36
GreenIQ Smart Garden,http://greeniq.co/,IRS-398,2,154.47
Neurio Energy Monitor,https://www.neur.io/,EM-831,3,213.76
Neurio Energy Monitor,https://www.neur.io/,EM-475,3,237.13
Neurio Energy Monitor,https://www.neur.io/,EM-280,3,265.66
Neurio Energy Monitor,https://www.neur.io/,EM-680,3,280.55
Eyedro Electricity Monitor,http://eyedro.com/home-electricity-monitors/,EM-902,3,279.85
Eyedro Electricity Monitor,http://eyedro.com/home-electricity-monitors/,EM-881,3,305.31
Eyedro Electricity Monitor,http://eyedro.com/home-electricity-monitors/,EM-335,3,281.83
Eyedro Electricity Monitor,http://eyedro.com/home-electricity-monitors/,EM-780,3,253.72
Eyedro Electricity Monitor,http://eyedro.com/home-electricity-monitors/,EM-834,3,337.26
Smappee Electicity Monitor,http://www.smappee.com/eu_es/monitor-de-energia/,EM-561,3,336.44
Smappee Electicity Monitor,http://www.smappee.com/eu_es/monitor-de-energia/,EM-424,3,305.65
Smappee Electicity Monitor,http://www.smappee.com/eu_es/monitor-de-energia/,EM-523,3,292.68
Smappee Electicity Monitor,http://www.smappee.com/eu_es/monitor-de-energia/,EM-795,3,313.5
Smappee Gas&Water Monitor,http://www.smappee.com/eu_es/monitor-de-agua-y-gas/,GWM-48,4,455.67
Smappee Gas&Water Monitor,http://www.smappee.com/eu_es/monitor-de-agua-y-gas/,GWM-173,4,461.61
Smappee Gas&Water Monitor,http://www.smappee.com/eu_es/monitor-de-agua-y-gas/,GWM-793,4,388.87
Smappee Gas&Water Monitor,http://www.smappee.com/eu_es/monitor-de-agua-y-gas/,GWM-622,4,382.65
AcuRite Sensors,https://www.acurite.com/indoor-outdoor-thermometer-humidity-sensor-hd-display-my-acurite.html,THM-556,5,86.43
AcuRite Sensors,https://www.acurite.com/indoor-outdoor-thermometer-humidity-sensor-hd-display-my-acurite.html,THM-727,5,91.89
AcuRite Sensors,https://www.acurite.com/indoor-outdoor-thermometer-humidity-sensor-hd-display-my-acurite.html,THM-893,5,78.68
AcuRite Sensors,https://www.acurite.com/indoor-outdoor-thermometer-humidity-sensor-hd-display-my-acurite.html,THM-821,5,96.05
AcuRite Sensors,https://www.acurite.com/indoor-outdoor-thermometer-humidity-sensor-hd-display-my-acurite.html,THM-810,5,70.59
Keen Temp&Air Control,https://keenhome.io/,THM-817,5,107.99
Keen Temp&Air Control,https://keenhome.io/,THM-699,5,135.24
Keen Temp&Air Control,https://keenhome.io/,THM-553,5,109.81
Keen Temp&Air Control,https://keenhome.io/,THM-911,5,138.04
ConnectSense Temperature Sensor,https://www.connectsense.com/wireless-temperature-sensor,THM-143,5,70.69
ConnectSense Temperature Sensor,https://www.connectsense.com/wireless-temperature-sensor,THM-135,5,91.0
ConnectSense Temperature Sensor,https://www.connectsense.com/wireless-temperature-sensor,THM-553,5,104.01
ConnectSense Temperature Sensor,https://www.connectsense.com/wireless-temperature-sensor,THM-245,5,64.63
ConnectSense Temperature Sensor,https://www.connectsense.com/wireless-temperature-sensor,THM-572,5,105.31
SensorPush Monitors,http://www.sensorpush.com/,THM-34,5,110.12
SensorPush Monitors,http://www.sensorpush.com/,THM-174,5,71.85
SensorPush Monitors,http://www.sensorpush.com/,THM-768,5,142.99
SensorPush Monitors,http://www.sensorpush.com/,THM-121,5,129.58
SensorPush Monitors,http://www.sensorpush.com/,THM-980,5,105.72
SensorPush Monitors,http://www.sensorpush.com/,THM-654,5,78.22
LIFX SmartBulbs,https://www.lifx.com/,SLB-82,6,96.83
LIFX SmartBulbs,https://www.lifx.com/,SLB-520,6,59.49
LIFX SmartBulbs,https://www.lifx.com/,SLB-337,6,103.99
LIFX SmartBulbs,https://www.lifx.com/,SLB-816,6,90.19
LIFX SmartBulbs,https://www.lifx.com/,SLB-151,6,94.82
LIFX SmartBulbs,https://www.lifx.com/,SLB-582,6,100.3
Phillips Hue Bulbs,http://www2.meethue.com/en-us/productdetail/philips-hue-white-and-color-ambiance-br30-e26,SLB-94,6,76.71
Phillips Hue Bulbs,http://www2.meethue.com/en-us/productdetail/philips-hue-white-and-color-ambiance-br30-e26,SLB-999,6,44.52
Phillips Hue Bulbs,http://www2.meethue.com/en-us/productdetail/philips-hue-white-and-color-ambiance-br30-e26,SLB-469,6,77.32
Phillips Hue Bulbs,http://www2.meethue.com/en-us/productdetail/philips-hue-white-and-color-ambiance-br30-e26,SLB-34,6,59.97
Phillips Hue Bulbs,http://www2.meethue.com/en-us/productdetail/philips-hue-white-and-color-ambiance-br30-e26,SLB-952,6,99.02
Phillips Hue Bulbs,http://www2.meethue.com/en-us/productdetail/philips-hue-white-and-color-ambiance-br30-e26,SLB-957,6,48.42
FluxSmart Bulbs,https://www.fluxsmartlighting.com/products/flux-bluetooth,SLB-195,6,55.13
FluxSmart Bulbs,https://www.fluxsmartlighting.com/products/flux-bluetooth,SLB-643,6,64.3
FluxSmart Bulbs,https://www.fluxsmartlighting.com/products/flux-bluetooth,SLB-411,6,85.75
FluxSmart Bulbs,https://www.fluxsmartlighting.com/products/flux-bluetooth,SLB-170,6,108.62
FluxSmart Bulbs,https://www.fluxsmartlighting.com/products/flux-bluetooth,SLB-928,6,68.6
August Smart Lock,http://august.com/products/august-smart-lock/,SLK-937,7,163.32
August Smart Lock,http://august.com/products/august-smart-lock/,SLK-788,7,160.64
August Smart Lock,http://august.com/products/august-smart-lock/,SLK-573,7,137.74
August Smart Lock,http://august.com/products/august-smart-lock/,SLK-385,7,170.12
August Doorbell Cam,http://august.com/products/doorbell-camera/,SLK-728,7,73.37
August Doorbell Cam,http://august.com/products/doorbell-camera/,SLK-90,7,109.71
August Doorbell Cam,http://august.com/products/doorbell-camera/,SLK-234,7,108.18
August Doorbell Cam,http://august.com/products/doorbell-camera/,SLK-307,7,96.16
August Doorbell Cam,http://august.com/products/doorbell-camera/,SLK-477,7,103.36
August Doorbell Cam,http://august.com/products/doorbell-camera/,SLK-927,7,95.63
August Doorbell Cam,http://august.com/products/doorbell-camera/,SLK-346,7,147.09
Lockitron Bolt,https://lockitron.com/,SLK-710,7,147.41
Lockitron Bolt,https://lockitron.com/,SLK-31,7,104.06
Lockitron Bolt,https://lockitron.com/,SLK-300,7,117.34
Lockitron Bolt,https://lockitron.com/,SLK-334,7,132.79
Lockitron Bolt,https://lockitron.com/,SLK-860,7,221.98
Chipolo Tracker,https://chipolo.net/products,TKR-120,8,84.15
Chipolo Tracker,https://chipolo.net/products,TKR-924,8,59.36
Chipolo Tracker,https://chipolo.net/products,TKR-49,8,54.55
Chipolo Tracker,https://chipolo.net/products,TKR-302,8,73.87
Chipolo Tracker,https://chipolo.net/products,TKR-624,8,66.35
Chipolo Tracker,https://chipolo.net/products,TKR-950,8,79.78
Chipolo Tracker,https://chipolo.net/products,TKR-715,8,65.26
Lapa KeyTracker,https://findlapa.com/,TKR-208,8,56.13
Lapa KeyTracker,https://findlapa.com/,TKR-229,8,57.95
Lapa KeyTracker,https://findlapa.com/,TKR-999,8,53.03
Lapa KeyTracker,https://findlapa.com/,TKR-197,8,54.38
Neposmart Outdoor Camera,https://neposmart.com/outdoor-camera/,CAM-98,9,338.61
Neposmart Outdoor Camera,https://neposmart.com/outdoor-camera/,CAM-471,9,492.1
Neposmart Outdoor Camera,https://neposmart.com/outdoor-camera/,CAM-257,9,466.51
Neposmart Outdoor Camera,https://neposmart.com/outdoor-camera/,CAM-61,9,450.66
Neposmart Outdoor Camera,https://neposmart.com/outdoor-camera/,CAM-435,9,471.37
Neposmart Outdoor Camera,https://neposmart.com/outdoor-camera/,CAM-565,9,398.6
Neposmart Outdoor Camera,https://neposmart.com/outdoor-camera/,CAM-182,9,740.46
Neposmart Indoor Camera,https://neposmart.com/indoor-camera/,CAM-524,9,582.59
Neposmart Indoor Camera,https://neposmart.com/indoor-camera/,CAM-279,9,356.8
Neposmart Indoor Camera,https://neposmart.com/indoor-camera/,CAM-595,9,522.07
Neposmart Indoor Camera,https://neposmart.com/indoor-camera/,CAM-747,9,399.86
Neposmart Indoor Camera,https://neposmart.com/indoor-camera/,CAM-11,9,446.43
Neposmart Indoor Camera,https://neposmart.com/indoor-camera/,CAM-774,9,363.25
